,0,1,2,3,4,5,6,7,8,9,10,11,12,13,14
tpr,"[0.00000000e+00 1.68038985e-04 7.83061670e-02 7.86422450e-02
 8.25071417e-02 8.28432196e-02 1.17627290e-01 1.17963368e-01
 1.19139640e-01 1.19475718e-01 1.63501932e-01 1.63838010e-01
 2.00470509e-01 2.00806587e-01 2.07864225e-01 2.08200302e-01
 2.17442447e-01 2.17778525e-01 2.33070072e-01 2.33406150e-01
 2.33910267e-01 2.34246345e-01 2.34918501e-01 2.35254579e-01
 2.77600403e-01 2.77936481e-01 2.82977651e-01 2.83313729e-01
 2.96924887e-01 2.97260965e-01 3.08855655e-01 3.09191732e-01
 3.27676021e-01 3.28012099e-01 3.75567132e-01 3.75903210e-01
 3.87161822e-01 3.87497900e-01 4.03293564e-01 4.03629642e-01
 4.09174929e-01 4.09511007e-01 4.13375903e-01 4.13711981e-01
 4.17072761e-01 4.17408839e-01 4.23794320e-01 4.24130398e-01
 4.27155100e-01 4.27491178e-01 4.41606453e-01 4.41942531e-01
 4.43958998e-01 4.44295076e-01 4.89833641e-01 4.90169719e-01
 4.90337758e-01 4.90673836e-01 5.05125189e-01 5.05461267e-01
 5.10166359e-01 5.10502437e-01 5.15375567e-01 5.15711645e-01
 5.44110234e-01 5.44446312e-01 5.44950428e-01 5.45286506e-01
 5.58057469e-01 5.58393547e-01 5.65451185e-01 5.65787263e-01
 5.75029407e-01 5.75365485e-01 5.79734498e-01 5.80070576e-01
 6.32330701e-01 6.32666779e-01 6.33843052e-01 6.34179130e-01
 6.43757352e-01 6.44093430e-01 6.55184003e-01 6.55520081e-01
 6.59721055e-01 6.60393211e-01 6.63417913e-01 6.63753991e-01
 6.77197110e-01 6.77533188e-01 6.84590825e-01 6.84926903e-01
 6.90304151e-01 6.90640229e-01 7.03747269e-01 7.04083347e-01
 7.06099815e-01 7.06435893e-01 7.30297429e-01 7.30633507e-01
 7.31305663e-01 7.31641741e-01 7.69450513e-01 7.69786590e-01
 7.89615191e-01 7.89951269e-01 7.92975970e-01 7.93312048e-01
 8.00201647e-01 8.00537725e-01 8.15325155e-01 8.15661233e-01
 8.43051588e-01 8.43387666e-01 8.55486473e-01 8.55822551e-01
 9.95462947e-01 9.95462947e-01 9.97647454e-01 9.97647454e-01
 9.97983532e-01 9.97983532e-01 9.98319610e-01 9.98319610e-01
 9.98487649e-01 9.98487649e-01 9.98655688e-01 9.98655688e-01
 9.98991766e-01 9.98991766e-01 9.99327844e-01 9.99327844e-01
 9.99495883e-01 9.99495883e-01 9.99663922e-01 9.99663922e-01
 9.99831961e-01 9.99831961e-01 1.00000000e+00 1.00000000e+00
 1.00000000e+00 1.00000000e+00 1.00000000e+00 1.00000000e+00
 1.00000000e+00 1.00000000e+00]","[0.00000000e+00 7.15307582e-04 5.46494993e-01 5.46494993e-01
 5.97997139e-01 5.97997139e-01 6.85264664e-01 6.85264664e-01
 6.90271817e-01 6.90271817e-01 6.93133047e-01 6.93133047e-01
 7.13876967e-01 7.13876967e-01 7.17453505e-01 7.17453505e-01
 7.59656652e-01 7.59656652e-01 7.74678112e-01 7.74678112e-01
 7.78254649e-01 7.79685265e-01 7.89699571e-01 7.89699571e-01
 8.01859800e-01 8.01859800e-01 8.06151645e-01 8.06151645e-01
 8.13304721e-01 8.13304721e-01 8.17596567e-01 8.17596567e-01
 8.19742489e-01 8.19742489e-01 8.21888412e-01 8.21888412e-01
 8.24034335e-01 8.24034335e-01 8.25464950e-01 8.25464950e-01
 8.29756795e-01 8.29756795e-01 8.33333333e-01 8.33333333e-01
 8.34048641e-01 8.34048641e-01 8.38340486e-01 8.38340486e-01
 8.39055794e-01 8.39055794e-01 8.39771102e-01 8.39771102e-01
 8.41201717e-01 8.41201717e-01 8.41917024e-01 8.41917024e-01
 8.43347639e-01 8.43347639e-01 8.44062947e-01 8.44062947e-01
 8.51216023e-01 8.51216023e-01 8.53361946e-01 8.53361946e-01
 8.54077253e-01 8.54077253e-01 8.56223176e-01 8.56223176e-01
 8.56938484e-01 8.56938484e-01 8.59084406e-01 8.59084406e-01
 8.60515021e-01 8.60515021e-01 8.63376252e-01 8.63376252e-01
 8.64806867e-01 8.64806867e-01 8.66237482e-01 8.66237482e-01
 8.66952790e-01 8.66952790e-01 8.69814020e-01 8.69814020e-01
 8.71959943e-01 8.71959943e-01 8.72675250e-01 8.72675250e-01
 8.74105866e-01 8.74105866e-01 8.74821173e-01 8.74821173e-01
 8.76967096e-01 8.76967096e-01 8.77682403e-01 8.77682403e-01
 8.78397711e-01 8.78397711e-01 8.79113019e-01 8.79113019e-01
 8.79828326e-01 8.79828326e-01 8.80543634e-01 8.80543634e-01
 8.81258941e-01 8.81258941e-01 8.81974249e-01 8.81974249e-01
 8.84120172e-01 8.84120172e-01 8.84835479e-01 8.84835479e-01
 8.85550787e-01 8.85550787e-01 8.86266094e-01 8.86266094e-01
 8.86981402e-01 8.86981402e-01 8.88412017e-01 8.88412017e-01
 8.89842632e-01 8.89842632e-01 8.90557940e-01 8.90557940e-01
 8.92703863e-01 8.92703863e-01 8.93419170e-01 8.93419170e-01
 8.94134478e-01 8.94134478e-01 8.94849785e-01 8.94849785e-01
 8.96280401e-01 8.96280401e-01 8.96995708e-01 8.96995708e-01
 8.97711016e-01 8.97711016e-01 8.98426323e-01 8.98426323e-01
 8.99141631e-01 8.99141631e-01 8.99856938e-01 8.99856938e-01
 9.00572246e-01 9.00572246e-01 9.01287554e-01 9.01287554e-01
 9.03433476e-01 9.03433476e-01 9.04148784e-01 9.04148784e-01
 9.04864092e-01 9.04864092e-01 9.05579399e-01 9.05579399e-01
 9.06294707e-01 9.06294707e-01 9.07010014e-01 9.07010014e-01
 9.07725322e-01 9.07725322e-01 9.09155937e-01 9.09155937e-01
 9.09871245e-01 9.09871245e-01 9.10586552e-01 9.10586552e-01
 9.11301860e-01 9.11301860e-01 9.12017167e-01 9.12017167e-01
 9.12732475e-01 9.12732475e-01 9.14163090e-01 9.14163090e-01
 9.14878398e-01 9.14878398e-01 9.16309013e-01 9.16309013e-01
 9.17024320e-01 9.17024320e-01 9.17739628e-01 9.17739628e-01
 9.19170243e-01 9.19170243e-01 9.19885551e-01 9.19885551e-01
 9.20600858e-01 9.20600858e-01 9.21316166e-01 9.21316166e-01
 9.22031474e-01 9.22031474e-01 9.22746781e-01 9.22746781e-01
 9.23462089e-01 9.23462089e-01 9.24177396e-01 9.24177396e-01
 9.24892704e-01 9.24892704e-01 9.25608011e-01 9.25608011e-01
 9.26323319e-01 9.26323319e-01 9.27038627e-01 9.27038627e-01
 9.27753934e-01 9.27753934e-01 9.28469242e-01 9.28469242e-01
 9.29184549e-01 9.29184549e-01 9.30615165e-01 9.30615165e-01
 9.31330472e-01 9.31330472e-01 9.32761087e-01 9.32761087e-01
 9.33476395e-01 9.33476395e-01 9.34191702e-01 9.34191702e-01
 9.34907010e-01 9.34907010e-01 9.35622318e-01 9.35622318e-01
 9.36337625e-01 9.36337625e-01 9.37052933e-01 9.37052933e-01
 9.37768240e-01 9.37768240e-01 9.38483548e-01 9.38483548e-01
 9.39198856e-01 9.39198856e-01 9.39914163e-01 9.39914163e-01
 9.40629471e-01 9.40629471e-01 9.41344778e-01 9.41344778e-01
 9.42060086e-01 9.42060086e-01 9.42775393e-01 9.42775393e-01
 9.44206009e-01 9.44206009e-01 9.44921316e-01 9.44921316e-01
 9.45636624e-01 9.45636624e-01 9.46351931e-01 9.46351931e-01
 9.47067239e-01 9.47067239e-01 9.47782546e-01 9.47782546e-01
 9.48497854e-01 9.48497854e-01 9.49213162e-01 9.49213162e-01
 9.49928469e-01 9.49928469e-01 9.50643777e-01 9.50643777e-01
 9.51359084e-01 9.51359084e-01 9.52074392e-01 9.52074392e-01
 9.52789700e-01 9.52789700e-01 9.53505007e-01 9.53505007e-01
 9.54220315e-01 9.54220315e-01 9.54935622e-01 9.54935622e-01
 9.55650930e-01 9.55650930e-01 9.56366237e-01 9.56366237e-01
 9.57081545e-01 9.57081545e-01 9.57796853e-01 9.57796853e-01
 9.59227468e-01 9.59227468e-01 9.59942775e-01 9.59942775e-01
 9.60658083e-01 9.60658083e-01 9.61373391e-01 9.61373391e-01
 9.62088698e-01 9.62088698e-01 9.62804006e-01 9.62804006e-01
 9.63519313e-01 9.63519313e-01 9.64234621e-01 9.64234621e-01
 9.64949928e-01 9.64949928e-01 9.65665236e-01 9.65665236e-01
 9.66380544e-01 9.66380544e-01 9.67095851e-01 9.67095851e-01
 9.67811159e-01 9.67811159e-01 9.68526466e-01 9.68526466e-01
 9.69241774e-01 9.69241774e-01 9.69957082e-01 9.69957082e-01
 9.70672389e-01 9.70672389e-01 9.71387697e-01 9.71387697e-01
 9.72103004e-01 9.72103004e-01 9.72818312e-01 9.72818312e-01
 9.73533619e-01 9.73533619e-01 9.74248927e-01 9.74248927e-01
 9.74964235e-01 9.74964235e-01 9.75679542e-01 9.75679542e-01
 9.76394850e-01 9.76394850e-01 9.77110157e-01 9.77110157e-01
 9.77825465e-01 9.77825465e-01 9.78540773e-01 9.78540773e-01
 9.79256080e-01 9.79256080e-01 9.79971388e-01 9.79971388e-01
 9.80686695e-01 9.80686695e-01 9.81402003e-01 9.81402003e-01
 9.82117310e-01 9.82117310e-01 9.82832618e-01 9.82832618e-01
 9.83547926e-01 9.83547926e-01 9.84263233e-01 9.84263233e-01
 9.84978541e-01 9.84978541e-01 9.85693848e-01 9.85693848e-01
 9.86409156e-01 9.86409156e-01 9.87124464e-01 9.87124464e-01
 9.87839771e-01 9.87839771e-01 9.88555079e-01 9.88555079e-01
 9.89270386e-01 9.89270386e-01 9.89985694e-01 9.89985694e-01
 9.90701001e-01 9.90701001e-01 9.91416309e-01 9.91416309e-01
 9.92131617e-01 9.92131617e-01 9.92846924e-01 9.92846924e-01
 9.93562232e-01 9.93562232e-01 9.94277539e-01 9.94277539e-01
 9.94992847e-01 9.94992847e-01 9.95708155e-01 9.95708155e-01
 9.96423462e-01 9.96423462e-01 9.97138770e-01 9.97138770e-01
 9.97854077e-01 9.97854077e-01 9.98569385e-01 9.98569385e-01
 9.99284692e-01 9.99284692e-01 1.00000000e+00 1.00000000e+00
 1.00000000e+00 1.00000000e+00 1.00000000e+00 1.00000000e+00
 1.00000000e+00 1.00000000e+00 1.00000000e+00 1.00000000e+00
 1.00000000e+00 1.00000000e+00 1.00000000e+00 1.00000000e+00
 1.00000000e+00 1.00000000e+00 1.00000000e+00 1.00000000e+00]","[0.         0.00113766 0.89533561 0.89533561 0.91467577 0.91467577
 0.91695108 0.91695108 0.92377702 0.92377702 0.92491468 0.92491468
 0.93060296 0.93060296 0.93174061 0.93174061 0.93401593 0.93401593
 0.93515358 0.93515358 0.93856655 0.93856655 0.93970421 0.93970421
 0.94084187 0.94084187 0.94197952 0.94197952 0.94425484 0.94425484
 0.94539249 0.94539249 0.94653015 0.94653015 0.9476678  0.9476678
 0.94880546 0.94880546 0.94994312 0.94994312 0.95108077 0.95108077
 0.95221843 0.95221843 0.95335609 0.95335609 0.9556314  0.9556314
 0.95676906 0.95676906 0.95790671 0.95790671 0.95904437 0.95904437
 0.96131968 0.96131968 0.96245734 0.96245734 0.96359499 0.96359499
 0.96473265 0.96473265 0.96587031 0.96587031 0.96700796 0.96700796
 0.96814562 0.96814562 0.96928328 0.96928328 0.97042093 0.97042093
 0.97155859 0.97155859 0.97269625 0.97269625 0.9738339  0.9738339
 0.97497156 0.97497156 0.97610922 0.97610922 0.97724687 0.97724687
 0.97838453 0.97838453 0.97952218 0.97952218 0.98065984 0.98065984
 0.9817975  0.9817975  0.98293515 0.98293515 0.98407281 0.98407281
 0.98521047 0.98521047 0.98634812 0.98634812 0.98748578 0.98748578
 0.98862344 0.98862344 0.98862344 0.98862344 0.98976109 0.98976109
 0.99089875 0.99089875 0.99203641 0.99203641 0.99317406 0.99317406
 0.99431172 0.99431172 0.99431172 0.99431172 0.99431172 0.99431172
 0.99544937 0.99544937 0.99658703 0.99658703 0.99772469 0.99772469
 0.99886234 0.99886234 1.         1.         1.         1.
 1.         1.         1.         1.        ]","[0.         0.01136364 0.78409091 0.78409091 0.98863636 0.98863636
 1.         1.         1.         1.         1.         1.
 1.         1.         1.         1.         1.         1.
 1.         1.         1.         1.        ]","[0.         0.00199203 0.11155378 0.11553785 1.         1.
 1.         1.         1.         1.         1.         1.
 1.         1.        ]","[0.         0.0014245  0.85470085 0.85754986 1.         1.
 1.         1.         1.         1.         1.         1.
 1.         1.        ]","[0.00000000e+00 2.44439012e-04 9.89978000e-02 9.94866781e-02
 1.95306771e-01 1.95795649e-01 2.61794182e-01 2.62283060e-01
 2.85260328e-01 2.85749206e-01 2.89171352e-01 2.89660230e-01
 2.92104620e-01 2.92593498e-01 2.99437790e-01 3.00171107e-01
 4.15057443e-01 4.15546321e-01 5.57565387e-01 5.58054265e-01
 5.75164996e-01 5.75653874e-01 6.17941824e-01 6.18430702e-01
 9.55267661e-01 9.55267661e-01 9.63578587e-01 9.63578587e-01
 9.64556343e-01 9.64556343e-01 9.68222928e-01 9.68222928e-01
 9.68956245e-01 9.68956245e-01 9.70911758e-01 9.70911758e-01
 9.72867270e-01 9.72867270e-01 9.75067221e-01 9.75067221e-01
 9.76044977e-01 9.76044977e-01 9.76533855e-01 9.76533855e-01
 9.77022733e-01 9.77022733e-01 9.78000489e-01 9.78000489e-01
 9.78244928e-01 9.78244928e-01 9.78489367e-01 9.78489367e-01
 9.78733806e-01 9.78733806e-01 9.78978245e-01 9.78978245e-01
 9.79222684e-01 9.79222684e-01 9.79467123e-01 9.79467123e-01
 9.80200440e-01 9.80200440e-01 9.80444879e-01 9.80444879e-01
 9.80689318e-01 9.80689318e-01 9.80933757e-01 9.80933757e-01
 9.81422635e-01 9.81422635e-01 9.81667074e-01 9.81667074e-01
 9.81911513e-01 9.81911513e-01 9.82155952e-01 9.82155952e-01
 9.82400391e-01 9.82400391e-01 9.82644830e-01 9.82644830e-01
 9.83133708e-01 9.83133708e-01 9.83378147e-01 9.83378147e-01
 9.83622586e-01 9.83622586e-01 9.83867025e-01 9.83867025e-01
 9.84111464e-01 9.84111464e-01 9.84355903e-01 9.84355903e-01
 9.84600342e-01 9.84600342e-01 9.84844781e-01 9.84844781e-01
 9.85089220e-01 9.85089220e-01 9.85333659e-01 9.85333659e-01
 9.85578098e-01 9.85578098e-01 9.85822537e-01 9.85822537e-01
 9.86066976e-01 9.86066976e-01 9.86311415e-01 9.86311415e-01
 9.86555854e-01 9.86555854e-01 9.86800293e-01 9.86800293e-01
 9.87044732e-01 9.87044732e-01 9.87289171e-01 9.87289171e-01
 9.87533610e-01 9.87533610e-01 9.87778049e-01 9.87778049e-01
 9.88022488e-01 9.88022488e-01 9.88266927e-01 9.88266927e-01
 9.88511366e-01 9.88511366e-01 9.88755805e-01 9.88755805e-01
 9.89244683e-01 9.89244683e-01 9.89489122e-01 9.89489122e-01
 9.89978000e-01 9.89978000e-01 9.90466879e-01 9.90466879e-01
 9.90955757e-01 9.90955757e-01 9.91200196e-01 9.91200196e-01
 9.91444635e-01 9.91444635e-01 9.92177952e-01 9.92177952e-01
 9.92422391e-01 9.92422391e-01 9.92666830e-01 9.92666830e-01
 9.93155708e-01 9.93155708e-01 9.93400147e-01 9.93400147e-01
 9.93644586e-01 9.93644586e-01 9.93889025e-01 9.93889025e-01
 9.94133464e-01 9.94133464e-01 9.94377903e-01 9.94377903e-01
 9.94622342e-01 9.94622342e-01 9.94866781e-01 9.94866781e-01
 9.95355659e-01 9.95355659e-01 9.95600098e-01 9.95600098e-01
 9.95844537e-01 9.95844537e-01 9.96088976e-01 9.96088976e-01
 9.96333415e-01 9.96333415e-01 9.96577854e-01 9.96577854e-01
 9.96822293e-01 9.96822293e-01 9.97066732e-01 9.97066732e-01
 9.97311171e-01 9.97311171e-01 9.97555610e-01 9.97555610e-01
 9.97800049e-01 9.97800049e-01 9.98044488e-01 9.98044488e-01
 9.98288927e-01 9.98288927e-01 9.98533366e-01 9.98533366e-01
 9.98777805e-01 9.98777805e-01 9.99022244e-01 9.99022244e-01
 9.99022244e-01 9.99022244e-01 9.99266683e-01 9.99266683e-01
 9.99511122e-01 9.99511122e-01 9.99755561e-01 9.99755561e-01
 1.00000000e+00 1.00000000e+00 1.00000000e+00 1.00000000e+00
 1.00000000e+00 1.00000000e+00 1.00000000e+00 1.00000000e+00]","[0.         0.00757576 1.         1.         1.         1.
 1.         1.         1.         1.         1.         1.        ]","[0.00000000e+00 2.82725474e-04 2.31834888e-02 2.31834888e-02
 1.45603619e-01 1.45603619e-01 3.85354820e-01 3.85354820e-01
 5.50749223e-01 5.50749223e-01 5.90613514e-01 5.90613514e-01
 6.44896805e-01 6.44896805e-01 7.29148996e-01 7.29148996e-01
 7.31410800e-01 7.31410800e-01 7.39892564e-01 7.39892564e-01
 7.50070681e-01 7.50070681e-01 7.80887758e-01 7.80887758e-01
 7.89369522e-01 7.89369522e-01 7.95306757e-01 7.95306757e-01
 8.11422109e-01 8.11422109e-01 8.23296579e-01 8.23296579e-01
 8.53265479e-01 8.53265479e-01 8.55810008e-01 8.55810008e-01
 8.61747243e-01 8.61747243e-01 8.73621713e-01 8.73621713e-01
 8.79841674e-01 8.79841674e-01 8.84930732e-01 8.84930732e-01
 8.88888889e-01 8.88888889e-01 8.93129771e-01 8.93129771e-01
 8.93695222e-01 8.93695222e-01 8.94260673e-01 8.94260673e-01
 9.05286966e-01 9.05286966e-01 9.05852417e-01 9.05852417e-01
 9.12072378e-01 9.12072378e-01 9.17161436e-01 9.17161436e-01
 9.29035906e-01 9.29035906e-01 9.30732259e-01 9.30732259e-01
 9.31863161e-01 9.31863161e-01 9.35255867e-01 9.35255867e-01
 9.44020356e-01 9.44020356e-01 9.49674866e-01 9.49674866e-01
 9.50523042e-01 9.50523042e-01 9.52784846e-01 9.52784846e-01
 9.59004806e-01 9.59004806e-01 9.62397512e-01 9.62397512e-01
 9.62962963e-01 9.62962963e-01 9.67769296e-01 9.67769296e-01
 9.68334747e-01 9.68334747e-01 9.69465649e-01 9.69465649e-01
 9.74837433e-01 9.74837433e-01 9.75402884e-01 9.75402884e-01
 9.75968335e-01 9.75968335e-01 9.76251060e-01 9.76251060e-01
 9.76533786e-01 9.76533786e-01 9.77947413e-01 9.77947413e-01
 9.79926491e-01 9.79926491e-01 9.81622844e-01 9.81622844e-01
 9.81905570e-01 9.81905570e-01 9.82188295e-01 9.82188295e-01
 9.82753746e-01 9.82753746e-01 9.85863726e-01 9.85863726e-01
 9.86711903e-01 9.86711903e-01 9.86994628e-01 9.86994628e-01
 9.87277354e-01 9.87277354e-01 9.88125530e-01 9.88125530e-01
 9.88408256e-01 9.88408256e-01 9.89821883e-01 9.89821883e-01
 9.90104608e-01 9.90104608e-01 9.90952785e-01 9.90952785e-01
 9.91235510e-01 9.91235510e-01 9.92083687e-01 9.92083687e-01
 9.92366412e-01 9.92366412e-01 9.92649138e-01 9.92649138e-01
 9.93214589e-01 9.93214589e-01 9.93497314e-01 9.93497314e-01
 9.93780040e-01 9.93780040e-01 9.94628216e-01 9.94628216e-01
 9.95193667e-01 9.95193667e-01 9.95476392e-01 9.95476392e-01
 9.95759118e-01 9.95759118e-01 9.96041843e-01 9.96041843e-01
 9.96607294e-01 9.96607294e-01 9.97172745e-01 9.97172745e-01
 9.97455471e-01 9.97455471e-01 9.97738196e-01 9.97738196e-01
 9.98020922e-01 9.98020922e-01 9.98303647e-01 9.98303647e-01
 9.98586373e-01 9.98586373e-01 9.98869098e-01 9.98869098e-01
 9.99151824e-01 9.99151824e-01 9.99434549e-01 9.99434549e-01
 9.99717275e-01 9.99717275e-01 1.00000000e+00 1.00000000e+00
 1.00000000e+00 1.00000000e+00 1.00000000e+00 1.00000000e+00
 1.00000000e+00 1.00000000e+00 1.00000000e+00 1.00000000e+00
 1.00000000e+00 1.00000000e+00]","[0.00000000e+00 4.61680517e-04 9.85687904e-01 9.85687904e-01
 9.94921514e-01 9.94921514e-01 9.97691597e-01 9.97691597e-01
 9.99076639e-01 9.99076639e-01 9.99538319e-01 9.99538319e-01
 1.00000000e+00 1.00000000e+00 1.00000000e+00 1.00000000e+00
 1.00000000e+00 1.00000000e+00 1.00000000e+00 1.00000000e+00
 1.00000000e+00 1.00000000e+00 1.00000000e+00 1.00000000e+00
 1.00000000e+00 1.00000000e+00 1.00000000e+00 1.00000000e+00
 1.00000000e+00 1.00000000e+00 1.00000000e+00 1.00000000e+00]","[0.     0.0025 0.9975 0.9975 1.     1.     1.     1.     1.     1.
 1.     1.     1.     1.     1.     1.     1.     1.     1.     1.
 1.     1.     1.     1.     1.     1.     1.     1.    ]","[0.     0.0625 1.     1.     1.     1.     1.     1.     1.     1.
 1.     1.     1.     1.     1.     1.     1.     1.     1.     1.
 1.     1.     1.     1.     1.     1.    ]","[0.         0.         0.11363636 0.11363636 0.45454545 0.45454545
 0.54545455 0.54545455 0.56818182 0.56818182 0.68181818 0.68181818
 0.72727273 0.72727273 0.75       0.75       0.79545455 0.79545455
 0.88636364 0.88636364 0.90909091 0.90909091 0.93181818 0.93181818
 0.95454545 0.95454545 0.97727273 0.97727273 1.         1.
 1.         1.         1.         1.         1.         1.
 1.         1.         1.         1.         1.         1.
 1.         1.        ]","[0.         0.02272727 1.         1.         1.         1.
 1.         1.         1.         1.        ]","[0.         0.03333333 1.         1.         1.         1.
 1.         1.         1.         1.         1.         1.
 1.         1.         1.         1.        ]"
fpr,"[0.00000000e+00 0.00000000e+00 0.00000000e+00 0.00000000e+00
 0.00000000e+00 0.00000000e+00 0.00000000e+00 0.00000000e+00
 0.00000000e+00 0.00000000e+00 0.00000000e+00 0.00000000e+00
 0.00000000e+00 0.00000000e+00 0.00000000e+00 0.00000000e+00
 0.00000000e+00 0.00000000e+00 0.00000000e+00 0.00000000e+00
 0.00000000e+00 0.00000000e+00 0.00000000e+00 0.00000000e+00
 0.00000000e+00 0.00000000e+00 0.00000000e+00 0.00000000e+00
 0.00000000e+00 0.00000000e+00 0.00000000e+00 0.00000000e+00
 0.00000000e+00 0.00000000e+00 0.00000000e+00 0.00000000e+00
 0.00000000e+00 0.00000000e+00 0.00000000e+00 0.00000000e+00
 0.00000000e+00 0.00000000e+00 0.00000000e+00 0.00000000e+00
 0.00000000e+00 0.00000000e+00 0.00000000e+00 0.00000000e+00
 0.00000000e+00 0.00000000e+00 0.00000000e+00 0.00000000e+00
 0.00000000e+00 0.00000000e+00 0.00000000e+00 0.00000000e+00
 0.00000000e+00 0.00000000e+00 0.00000000e+00 0.00000000e+00
 0.00000000e+00 0.00000000e+00 0.00000000e+00 0.00000000e+00
 0.00000000e+00 0.00000000e+00 0.00000000e+00 0.00000000e+00
 0.00000000e+00 0.00000000e+00 0.00000000e+00 0.00000000e+00
 0.00000000e+00 0.00000000e+00 0.00000000e+00 0.00000000e+00
 0.00000000e+00 0.00000000e+00 0.00000000e+00 0.00000000e+00
 0.00000000e+00 0.00000000e+00 0.00000000e+00 0.00000000e+00
 0.00000000e+00 0.00000000e+00 0.00000000e+00 0.00000000e+00
 0.00000000e+00 0.00000000e+00 0.00000000e+00 0.00000000e+00
 0.00000000e+00 0.00000000e+00 0.00000000e+00 0.00000000e+00
 0.00000000e+00 0.00000000e+00 0.00000000e+00 0.00000000e+00
 0.00000000e+00 0.00000000e+00 0.00000000e+00 0.00000000e+00
 0.00000000e+00 0.00000000e+00 0.00000000e+00 0.00000000e+00
 0.00000000e+00 0.00000000e+00 0.00000000e+00 0.00000000e+00
 0.00000000e+00 0.00000000e+00 0.00000000e+00 0.00000000e+00
 0.00000000e+00 1.42561836e-04 1.42561836e-04 2.13842754e-04
 2.13842754e-04 2.85123672e-04 2.85123672e-04 3.56404590e-04
 3.56404590e-04 4.98966427e-04 4.98966427e-04 5.70247345e-04
 5.70247345e-04 6.41528263e-04 6.41528263e-04 8.55371017e-04
 8.55371017e-04 1.49689928e-03 1.49689928e-03 1.71074203e-03
 1.71074203e-03 4.20557417e-03 4.20557417e-03 5.32682301e-01
 5.32824863e-01 6.62769976e-01 6.62912538e-01 8.23365885e-01
 8.23508447e-01 1.00000000e+00]","[0.00000000e+00 0.00000000e+00 0.00000000e+00 5.38155204e-05
 5.38155204e-05 1.07631041e-04 1.07631041e-04 1.61446561e-04
 1.61446561e-04 2.15262082e-04 2.15262082e-04 2.69077602e-04
 2.69077602e-04 3.22893122e-04 3.22893122e-04 3.76708643e-04
 3.76708643e-04 4.30524163e-04 4.30524163e-04 4.84339684e-04
 4.84339684e-04 4.84339684e-04 4.84339684e-04 5.38155204e-04
 5.38155204e-04 5.91970724e-04 5.91970724e-04 6.45786245e-04
 6.45786245e-04 6.99601765e-04 6.99601765e-04 7.53417286e-04
 7.53417286e-04 8.07232806e-04 8.07232806e-04 8.61048326e-04
 8.61048326e-04 9.14863847e-04 9.14863847e-04 1.02249489e-03
 1.02249489e-03 1.13012593e-03 1.13012593e-03 1.18394145e-03
 1.18394145e-03 1.23775697e-03 1.23775697e-03 1.39920353e-03
 1.39920353e-03 1.45301905e-03 1.45301905e-03 1.50683457e-03
 1.50683457e-03 1.61446561e-03 1.61446561e-03 1.66828113e-03
 1.66828113e-03 1.72209665e-03 1.72209665e-03 1.99117425e-03
 1.99117425e-03 2.04498978e-03 2.04498978e-03 2.09880530e-03
 2.09880530e-03 2.15262082e-03 2.15262082e-03 2.42169842e-03
 2.42169842e-03 2.47551394e-03 2.47551394e-03 2.69077602e-03
 2.69077602e-03 2.74459154e-03 2.74459154e-03 2.90603810e-03
 2.90603810e-03 3.01366914e-03 3.01366914e-03 3.06748466e-03
 3.06748466e-03 3.12130018e-03 3.12130018e-03 3.22893122e-03
 3.22893122e-03 3.33656226e-03 3.33656226e-03 3.49800883e-03
 3.49800883e-03 3.76708643e-03 3.76708643e-03 3.87471747e-03
 3.87471747e-03 3.92853299e-03 3.92853299e-03 4.03616403e-03
 4.03616403e-03 4.25142611e-03 4.25142611e-03 4.30524163e-03
 4.30524163e-03 4.35905715e-03 4.35905715e-03 4.84339684e-03
 4.84339684e-03 5.00484340e-03 5.00484340e-03 5.22010548e-03
 5.22010548e-03 5.43536756e-03 5.43536756e-03 5.65062964e-03
 5.65062964e-03 5.81207620e-03 5.81207620e-03 5.91970724e-03
 5.91970724e-03 6.13496933e-03 6.13496933e-03 6.18878485e-03
 6.18878485e-03 7.10364869e-03 7.10364869e-03 7.42654181e-03
 7.42654181e-03 7.58798838e-03 7.58798838e-03 7.80325046e-03
 7.80325046e-03 8.01851254e-03 8.01851254e-03 8.12614358e-03
 8.12614358e-03 8.34140566e-03 8.34140566e-03 8.44903670e-03
 8.44903670e-03 8.71811430e-03 8.71811430e-03 8.82574534e-03
 8.82574534e-03 8.87956087e-03 8.87956087e-03 9.41771607e-03
 9.41771607e-03 9.52534711e-03 9.52534711e-03 9.74060919e-03
 9.74060919e-03 9.79442471e-03 9.79442471e-03 1.08707351e-02
 1.08707351e-02 1.09245506e-02 1.09245506e-02 1.11398127e-02
 1.11398127e-02 1.13012593e-02 1.13012593e-02 1.15165214e-02
 1.15165214e-02 1.20546766e-02 1.20546766e-02 1.22161231e-02
 1.22161231e-02 1.23775697e-02 1.23775697e-02 1.27542783e-02
 1.27542783e-02 1.28080939e-02 1.28080939e-02 1.35076956e-02
 1.35076956e-02 1.36691422e-02 1.36691422e-02 1.37767732e-02
 1.37767732e-02 1.38844043e-02 1.38844043e-02 1.40996663e-02
 1.40996663e-02 1.46916371e-02 1.46916371e-02 1.48530836e-02
 1.48530836e-02 1.51221612e-02 1.51221612e-02 1.53374233e-02
 1.53374233e-02 1.72209665e-02 1.72209665e-02 1.97502960e-02
 1.97502960e-02 1.98041115e-02 1.98041115e-02 2.02884512e-02
 2.02884512e-02 2.05037133e-02 2.05037133e-02 2.06651598e-02
 2.06651598e-02 2.08266064e-02 2.08266064e-02 2.12033150e-02
 2.12033150e-02 2.14185771e-02 2.14185771e-02 2.24410720e-02
 2.24410720e-02 2.28715962e-02 2.28715962e-02 2.33021203e-02
 2.33021203e-02 2.35173824e-02 2.35173824e-02 2.42169842e-02
 2.42169842e-02 2.44860618e-02 2.44860618e-02 2.52932946e-02
 2.52932946e-02 2.57776343e-02 2.57776343e-02 2.63157895e-02
 2.63157895e-02 2.88989345e-02 2.88989345e-02 2.89527500e-02
 2.89527500e-02 2.91141965e-02 2.91141965e-02 2.92756431e-02
 2.92756431e-02 3.09439242e-02 3.09439242e-02 3.20202346e-02
 3.20202346e-02 3.22893122e-02 3.22893122e-02 3.36885158e-02
 3.36885158e-02 3.37423313e-02 3.37423313e-02 3.43343020e-02
 3.43343020e-02 3.49800883e-02 3.49800883e-02 3.57335055e-02
 3.57335055e-02 3.74017867e-02 3.74017867e-02 3.79937574e-02
 3.79937574e-02 3.82628350e-02 3.82628350e-02 3.91238833e-02
 3.91238833e-02 4.29447853e-02 4.29447853e-02 4.39134646e-02
 4.39134646e-02 4.47206974e-02 4.47206974e-02 4.48283285e-02
 4.48283285e-02 4.49897751e-02 4.49897751e-02 4.53126682e-02
 4.53126682e-02 4.55279303e-02 4.55279303e-02 4.57970079e-02
 4.57970079e-02 4.65504251e-02 4.65504251e-02 4.69809493e-02
 4.69809493e-02 4.81648908e-02 4.81648908e-02 4.96717253e-02
 4.96717253e-02 5.07480357e-02 5.07480357e-02 5.17167151e-02
 5.17167151e-02 5.42460446e-02 5.42460446e-02 5.54838015e-02
 5.54838015e-02 5.69368206e-02 5.69368206e-02 5.93047035e-02
 5.93047035e-02 5.96814121e-02 5.96814121e-02 6.44171779e-02
 6.44171779e-02 6.58163814e-02 6.58163814e-02 6.75922936e-02
 6.75922936e-02 6.84533419e-02 6.84533419e-02 6.87224195e-02
 6.87224195e-02 6.99063610e-02 6.99063610e-02 7.64180390e-02
 7.64180390e-02 7.98622323e-02 7.98622323e-02 8.13152513e-02
 8.13152513e-02 8.16919600e-02 8.16919600e-02 8.20148531e-02
 8.20148531e-02 8.31987945e-02 8.31987945e-02 8.52975998e-02
 8.52975998e-02 8.54052309e-02 8.54052309e-02 8.75040362e-02
 8.75040362e-02 8.90646863e-02 8.90646863e-02 9.02486277e-02
 9.02486277e-02 9.31008503e-02 9.31008503e-02 9.44462383e-02
 9.44462383e-02 9.51996556e-02 9.51996556e-02 9.69755678e-02
 9.69755678e-02 9.78366161e-02 9.78366161e-02 1.02195673e-01
 1.02195673e-01 1.05532235e-01 1.05532235e-01 1.07846303e-01
 1.07846303e-01 1.09245506e-01 1.09245506e-01 1.10590894e-01
 1.10590894e-01 1.14842321e-01 1.14842321e-01 1.15649553e-01
 1.15649553e-01 1.16456786e-01 1.16456786e-01 1.17102572e-01
 1.17102572e-01 1.20654397e-01 1.20654397e-01 1.28188570e-01
 1.28188570e-01 1.30933161e-01 1.30933161e-01 1.40619955e-01
 1.40619955e-01 1.43364546e-01 1.43364546e-01 1.43579808e-01
 1.43579808e-01 1.44440857e-01 1.44440857e-01 1.47346895e-01
 1.47346895e-01 1.47723603e-01 1.47723603e-01 1.58271445e-01
 1.58271445e-01 1.60693144e-01 1.60693144e-01 1.61769454e-01
 1.61769454e-01 1.63114842e-01 1.63114842e-01 1.70756646e-01
 1.70756646e-01 1.73070714e-01 1.73070714e-01 1.74523733e-01
 1.74523733e-01 1.74631364e-01 1.74631364e-01 1.75061888e-01
 1.75061888e-01 1.78075557e-01 1.78075557e-01 1.79582392e-01
 1.79582392e-01 1.82004090e-01 1.82004090e-01 1.82057905e-01
 1.82057905e-01 1.84371973e-01 1.84371973e-01 3.92799483e-01
 3.92907114e-01 5.66892692e-01 5.67000323e-01 6.87170380e-01
 6.87278011e-01 7.06974491e-01 7.07082122e-01 7.46313637e-01
 7.46421268e-01 7.75051125e-01 7.75158756e-01 7.90872888e-01
 7.90980519e-01 9.24819718e-01 9.24927349e-01 1.00000000e+00]","[0.00000000e+00 0.00000000e+00 0.00000000e+00 5.23532799e-05
 5.23532799e-05 1.57059840e-04 1.57059840e-04 2.09413120e-04
 2.09413120e-04 2.61766400e-04 2.61766400e-04 3.14119680e-04
 3.14119680e-04 4.18826239e-04 4.18826239e-04 4.71179519e-04
 4.71179519e-04 6.28239359e-04 6.28239359e-04 7.32945919e-04
 7.32945919e-04 7.85299199e-04 7.85299199e-04 8.37652479e-04
 8.37652479e-04 9.42359039e-04 9.42359039e-04 9.94712319e-04
 9.94712319e-04 1.15177216e-03 1.15177216e-03 1.20412544e-03
 1.20412544e-03 1.62295168e-03 1.62295168e-03 1.67530496e-03
 1.67530496e-03 2.04177792e-03 2.04177792e-03 2.30354432e-03
 2.30354432e-03 2.40825088e-03 2.40825088e-03 2.46060416e-03
 2.46060416e-03 2.56531072e-03 2.56531072e-03 2.72237056e-03
 2.72237056e-03 3.03649024e-03 3.03649024e-03 3.29825664e-03
 3.29825664e-03 3.35060992e-03 3.35060992e-03 3.40296320e-03
 3.40296320e-03 3.76943616e-03 3.76943616e-03 3.87414272e-03
 3.87414272e-03 4.13590911e-03 4.13590911e-03 4.39767551e-03
 4.39767551e-03 4.60708863e-03 4.60708863e-03 5.02591487e-03
 5.02591487e-03 5.28768127e-03 5.28768127e-03 5.70650751e-03
 5.70650751e-03 6.75357311e-03 6.75357311e-03 7.17239935e-03
 7.17239935e-03 1.09418355e-02 1.09418355e-02 1.10988953e-02
 1.10988953e-02 1.34024397e-02 1.34024397e-02 1.52348045e-02
 1.52348045e-02 1.57583373e-02 1.57583373e-02 2.30354432e-02
 2.30354432e-02 2.52342809e-02 2.52342809e-02 3.64378828e-02
 3.64378828e-02 3.90031936e-02 3.90031936e-02 4.01026124e-02
 4.01026124e-02 4.13590911e-02 4.13590911e-02 4.19873305e-02
 4.19873305e-02 4.74320716e-02 4.74320716e-02 4.95785561e-02
 4.96832627e-02 5.10444479e-02 5.10444479e-02 5.35050521e-02
 5.35050521e-02 5.93686194e-02 5.93686194e-02 8.04146380e-02
 8.04146380e-02 9.71676876e-02 9.71676876e-02 1.60672216e-01
 1.60776923e-01 1.76744673e-01 1.76849380e-01 2.39882729e-01
 2.39882729e-01 2.54175174e-01 2.54175174e-01 2.75797079e-01
 2.75797079e-01 2.92497775e-01 2.92497775e-01 3.55897597e-01
 3.55897597e-01 6.78289095e-01 6.78393801e-01 7.12318727e-01
 7.12423433e-01 9.41364326e-01 9.41469033e-01 1.00000000e+00]","[0.00000000e+00 0.00000000e+00 0.00000000e+00 5.02714659e-05
 5.02714659e-05 1.00542932e-04 1.00542932e-04 2.90317716e-01
 2.90418259e-01 7.39292178e-01 7.39392721e-01 7.76141162e-01
 7.76241705e-01 7.89312286e-01 7.89412829e-01 8.49889403e-01
 8.49989946e-01 9.09461090e-01 9.09561633e-01 9.24391715e-01
 9.24492258e-01 1.00000000e+00]","[0.         0.         0.         0.         0.         0.11756854
 0.11767122 0.16295308 0.16305576 0.70761885 0.70772153 0.98115823
 0.98126091 1.        ]","[0.         0.         0.         0.         0.         0.12656915
 0.12667289 0.18445897 0.18456271 0.49294533 0.49304907 0.76885569
 0.76895944 1.        ]","[0.00000000e+00 0.00000000e+00 0.00000000e+00 0.00000000e+00
 0.00000000e+00 0.00000000e+00 0.00000000e+00 0.00000000e+00
 0.00000000e+00 0.00000000e+00 0.00000000e+00 0.00000000e+00
 0.00000000e+00 0.00000000e+00 0.00000000e+00 0.00000000e+00
 0.00000000e+00 0.00000000e+00 0.00000000e+00 0.00000000e+00
 0.00000000e+00 0.00000000e+00 0.00000000e+00 0.00000000e+00
 0.00000000e+00 6.29366228e-05 6.29366228e-05 1.25873246e-04
 1.25873246e-04 1.88809868e-04 1.88809868e-04 2.51746491e-04
 2.51746491e-04 3.14683114e-04 3.14683114e-04 3.77619737e-04
 3.77619737e-04 4.40556360e-04 4.40556360e-04 5.03492983e-04
 5.03492983e-04 5.66429605e-04 5.66429605e-04 6.29366228e-04
 6.29366228e-04 6.92302851e-04 6.92302851e-04 7.55239474e-04
 7.55239474e-04 1.13285921e-03 1.13285921e-03 2.26571842e-03
 2.26571842e-03 2.76921140e-03 2.76921140e-03 2.83214803e-03
 2.83214803e-03 3.02095790e-03 3.02095790e-03 3.90207061e-03
 3.90207061e-03 4.59437347e-03 4.59437347e-03 5.09786645e-03
 5.09786645e-03 5.66429605e-03 5.66429605e-03 5.79016930e-03
 5.79016930e-03 6.16778904e-03 6.16778904e-03 6.54540877e-03
 6.54540877e-03 7.93001448e-03 7.93001448e-03 8.68525395e-03
 8.68525395e-03 9.12581031e-03 9.12581031e-03 1.08250991e-02
 1.08250991e-02 1.15174020e-02 1.15174020e-02 1.29649443e-02
 1.29649443e-02 1.31537542e-02 1.31537542e-02 1.37201838e-02
 1.37201838e-02 1.54194726e-02 1.54194726e-02 1.66152684e-02
 1.66152684e-02 2.10837686e-02 2.10837686e-02 2.12725785e-02
 2.12725785e-02 2.24054377e-02 2.24054377e-02 2.32865504e-02
 2.32865504e-02 2.65592548e-02 2.65592548e-02 3.92095160e-02
 3.92095160e-02 3.94612625e-02 3.94612625e-02 4.14752344e-02
 4.14752344e-02 4.27339669e-02 4.27339669e-02 4.37409529e-02
 4.37409529e-02 4.39926994e-02 4.39926994e-02 4.41815092e-02
 4.41815092e-02 4.61325445e-02 4.61325445e-02 4.67619108e-02
 4.67619108e-02 4.81465165e-02 4.81465165e-02 5.05381081e-02
 5.05381081e-02 5.21744603e-02 5.21744603e-02 5.22373969e-02
 5.22373969e-02 5.24262068e-02 5.24262068e-02 5.28038265e-02
 5.28038265e-02 5.29296998e-02 5.29296998e-02 5.32443829e-02
 5.32443829e-02 5.33702562e-02 5.33702562e-02 5.34331928e-02
 5.34331928e-02 5.45660520e-02 5.45660520e-02 5.48807351e-02
 5.48807351e-02 5.49436717e-02 5.49436717e-02 5.51954182e-02
 5.51954182e-02 5.53842281e-02 5.53842281e-02 5.55101013e-02
 5.55101013e-02 5.56989112e-02 5.56989112e-02 5.58877211e-02
 5.58877211e-02 5.61394676e-02 5.61394676e-02 5.62024042e-02
 5.62024042e-02 5.63282774e-02 5.63282774e-02 5.63912140e-02
 5.63912140e-02 5.64541507e-02 5.64541507e-02 5.67058972e-02
 5.67058972e-02 5.68317704e-02 5.68317704e-02 5.68947070e-02
 5.68947070e-02 5.72093901e-02 5.72093901e-02 5.77128831e-02
 5.77128831e-02 5.83422494e-02 5.83422494e-02 5.84681226e-02
 5.84681226e-02 5.96639184e-02 5.96639184e-02 6.02932847e-02
 6.02932847e-02 6.14261439e-02 6.14261439e-02 6.14890805e-02
 6.14890805e-02 6.54540877e-02 6.54540877e-02 8.76707156e-02
 8.76707156e-02 9.42161244e-02 9.42161244e-02 9.95657373e-02
 9.96916105e-02 1.05167097e-01 1.05167097e-01 1.12215998e-01
 1.12215998e-01 1.67348480e-01 1.67348480e-01 2.24557870e-01
 2.24557870e-01 6.68198124e-01 6.68323998e-01 7.62980678e-01
 7.63106552e-01 8.75133740e-01 8.75259614e-01 1.00000000e+00]","[0.         0.         0.         0.18389762 0.18399839 0.60766828
 0.60776904 0.65044337 0.65054414 0.81459089 0.81469166 1.        ]","[0.00000000e+00 0.00000000e+00 0.00000000e+00 6.08161528e-05
 6.08161528e-05 1.21632306e-04 1.21632306e-04 1.82448458e-04
 1.82448458e-04 2.43264611e-04 2.43264611e-04 3.04080764e-04
 3.04080764e-04 3.64896917e-04 3.64896917e-04 4.25713069e-04
 4.25713069e-04 4.86529222e-04 4.86529222e-04 5.47345375e-04
 5.47345375e-04 6.08161528e-04 6.08161528e-04 6.68977680e-04
 6.68977680e-04 7.29793833e-04 7.29793833e-04 7.90609986e-04
 7.90609986e-04 8.51426139e-04 8.51426139e-04 9.12242292e-04
 9.12242292e-04 9.73058444e-04 9.73058444e-04 1.03387460e-03
 1.03387460e-03 1.09469075e-03 1.09469075e-03 1.15550690e-03
 1.15550690e-03 1.21632306e-03 1.21632306e-03 1.27713921e-03
 1.27713921e-03 1.33795536e-03 1.33795536e-03 1.39877151e-03
 1.39877151e-03 1.45958767e-03 1.45958767e-03 1.52040382e-03
 1.52040382e-03 1.58121997e-03 1.58121997e-03 1.64203612e-03
 1.64203612e-03 1.70285228e-03 1.70285228e-03 1.76366843e-03
 1.76366843e-03 1.82448458e-03 1.82448458e-03 1.88530074e-03
 1.88530074e-03 1.94611689e-03 1.94611689e-03 2.06774919e-03
 2.06774919e-03 2.12856535e-03 2.12856535e-03 2.25019765e-03
 2.25019765e-03 2.37182996e-03 2.37182996e-03 2.43264611e-03
 2.43264611e-03 2.49346226e-03 2.49346226e-03 2.55427842e-03
 2.55427842e-03 2.61509457e-03 2.61509457e-03 2.67591072e-03
 2.67591072e-03 2.79754303e-03 2.79754303e-03 2.85835918e-03
 2.85835918e-03 2.97999149e-03 2.97999149e-03 3.04080764e-03
 3.04080764e-03 3.10162379e-03 3.10162379e-03 3.16243994e-03
 3.16243994e-03 3.22325610e-03 3.22325610e-03 3.28407225e-03
 3.28407225e-03 3.34488840e-03 3.34488840e-03 3.40570456e-03
 3.40570456e-03 3.46652071e-03 3.46652071e-03 3.58815301e-03
 3.58815301e-03 3.64896917e-03 3.64896917e-03 3.77060147e-03
 3.77060147e-03 3.95304993e-03 3.95304993e-03 4.01386608e-03
 4.01386608e-03 4.07468224e-03 4.07468224e-03 4.19631454e-03
 4.19631454e-03 4.25713069e-03 4.25713069e-03 4.43957915e-03
 4.43957915e-03 4.56121146e-03 4.56121146e-03 4.62202761e-03
 4.62202761e-03 4.74365992e-03 4.74365992e-03 4.86529222e-03
 4.86529222e-03 4.98692453e-03 4.98692453e-03 5.04774068e-03
 5.04774068e-03 5.16937299e-03 5.16937299e-03 5.29100529e-03
 5.29100529e-03 5.41263760e-03 5.41263760e-03 5.65590221e-03
 5.65590221e-03 5.89916682e-03 5.89916682e-03 6.38569604e-03
 6.38569604e-03 6.75059296e-03 6.75059296e-03 7.05467372e-03
 7.05467372e-03 7.29793833e-03 7.29793833e-03 7.35875449e-03
 7.35875449e-03 7.90609986e-03 7.90609986e-03 8.75752600e-03
 8.75752600e-03 8.87915830e-03 8.87915830e-03 8.93997446e-03
 8.93997446e-03 9.66976829e-03 9.66976829e-03 1.00346652e-02
 1.00346652e-02 1.01562975e-02 1.01562975e-02 1.17983336e-02
 1.17983336e-02 1.27713921e-02 1.27713921e-02 3.55227148e-01
 3.55348781e-01 4.40491395e-01 4.40613027e-01 5.79091407e-01
 5.79213039e-01 6.98655963e-01 6.98777595e-01 8.51000426e-01
 8.51122058e-01 1.00000000e+00]","[0.00000000e+00 0.00000000e+00 0.00000000e+00 5.61356237e-05
 5.61356237e-05 1.68406871e-04 1.68406871e-04 2.24542495e-04
 2.24542495e-04 3.36813742e-04 3.36813742e-04 1.55046593e-01
 1.55046593e-01 2.05568654e-01 2.05680925e-01 3.47704053e-01
 3.47816324e-01 3.69260132e-01 3.69372404e-01 5.89255642e-01
 5.89367913e-01 6.58190187e-01 6.58302459e-01 7.53901426e-01
 7.54013697e-01 8.21937802e-01 8.22050073e-01 8.46019984e-01
 8.46132256e-01 9.63006624e-01 9.63118895e-01 1.00000000e+00]","[0.00000000e+00 0.00000000e+00 0.00000000e+00 5.10725230e-05
 5.10725230e-05 2.45760981e-01 2.45863126e-01 3.57354443e-01
 3.57456588e-01 5.13993871e-01 5.14096016e-01 5.95301328e-01
 5.95403473e-01 6.81767109e-01 6.81869254e-01 7.23544433e-01
 7.23646578e-01 8.68283963e-01 8.68386108e-01 8.69458631e-01
 8.69560776e-01 9.32431052e-01 9.32533197e-01 9.55822268e-01
 9.55924413e-01 9.86721144e-01 9.86823289e-01 1.00000000e+00]","[0.         0.         0.         0.05369665 0.05379683 0.20451813
 0.20461831 0.24759567 0.24769585 0.25225406 0.25235424 0.54007213
 0.54017231 0.62652775 0.62662793 0.63534362 0.6354438  0.64541174
 0.64551192 0.76542777 0.76552795 0.77459427 0.77469445 0.88960128
 0.88970146 1.        ]","[0.00000000e+00 5.01605136e-05 5.01605136e-05 1.00321027e-04
 1.00321027e-04 1.50481541e-04 1.50481541e-04 2.00642055e-04
 2.00642055e-04 2.50802568e-04 2.50802568e-04 3.00963082e-04
 3.00963082e-04 4.51444623e-04 4.51444623e-04 5.51765650e-04
 5.51765650e-04 7.02247191e-04 7.02247191e-04 8.52728732e-04
 8.52728732e-04 1.00321027e-03 1.00321027e-03 1.90609952e-03
 1.90609952e-03 1.14365971e-02 1.14365971e-02 1.83587480e-02
 1.83587480e-02 2.35603933e-01 2.35704254e-01 3.65971108e-01
 3.66071429e-01 5.62349518e-01 5.62449839e-01 6.21137640e-01
 6.21237961e-01 6.58908507e-01 6.59008828e-01 8.29755217e-01
 8.29855538e-01 9.46077448e-01 9.46177769e-01 1.00000000e+00]","[0.         0.         0.         0.39044944 0.39054976 0.68102929
 0.68112961 0.75632022 0.75642055 1.        ]","[0.         0.         0.         0.51363409 0.51373434 0.52426065
 0.5243609  0.61433584 0.61443609 0.67669173 0.67679198 0.76075188
 0.76085213 0.89694236 0.89704261 1.        ]"
thresh,"[1.9770106e+00 9.7701061e-01 9.6726537e-01 9.6725756e-01 9.6709687e-01
 9.6708685e-01 9.6566075e-01 9.6564895e-01 9.6563286e-01 9.6563107e-01
 9.6422446e-01 9.6421313e-01 9.6309495e-01 9.6309316e-01 9.6283627e-01
 9.6283072e-01 9.6251279e-01 9.6251160e-01 9.6192133e-01 9.6192056e-01
 9.6190566e-01 9.6190089e-01 9.6186936e-01 9.6186846e-01 9.6001804e-01
 9.6000028e-01 9.5974743e-01 9.5974731e-01 9.5919061e-01 9.5918256e-01
 9.5872521e-01 9.5870739e-01 9.5803893e-01 9.5803642e-01 9.5617366e-01
 9.5616406e-01 9.5577133e-01 9.5576924e-01 9.5524180e-01 9.5522815e-01
 9.5508033e-01 9.5507544e-01 9.5498312e-01 9.5498073e-01 9.5489460e-01
 9.5488679e-01 9.5472401e-01 9.5472205e-01 9.5465165e-01 9.5464665e-01
 9.5428741e-01 9.5426852e-01 9.5421934e-01 9.5421833e-01 9.5323896e-01
 9.5323414e-01 9.5323086e-01 9.5322090e-01 9.5295709e-01 9.5295483e-01
 9.5288903e-01 9.5288783e-01 9.5279443e-01 9.5279366e-01 9.5225763e-01
 9.5224696e-01 9.5223999e-01 9.5223993e-01 9.5203370e-01 9.5202547e-01
 9.5186639e-01 9.5186323e-01 9.5171452e-01 9.5170927e-01 9.5163131e-01
 9.5163035e-01 9.5068687e-01 9.5068288e-01 9.5065391e-01 9.5065284e-01
 9.5048845e-01 9.5048702e-01 9.5028895e-01 9.5028710e-01 9.5020455e-01
 9.5019573e-01 9.5011938e-01 9.5011896e-01 9.4987583e-01 9.4987464e-01
 9.4974858e-01 9.4974786e-01 9.4966751e-01 9.4966173e-01 9.4940197e-01
 9.4939917e-01 9.4936520e-01 9.4936222e-01 9.4885564e-01 9.4884729e-01
 9.4882971e-01 9.4882852e-01 9.4798905e-01 9.4798762e-01 9.4747978e-01
 9.4747382e-01 9.4733578e-01 9.4733405e-01 9.4719619e-01 9.4719285e-01
 9.4678521e-01 9.4678050e-01 9.4610983e-01 9.4610715e-01 9.4573998e-01
 9.4573617e-01 8.4450275e-01 8.3919799e-01 7.8623128e-01 7.8178984e-01
 7.6426232e-01 7.6406038e-01 7.4899137e-01 7.4291080e-01 7.3803759e-01
 7.3238635e-01 7.2852552e-01 7.2818941e-01 7.2581977e-01 7.0496643e-01
 6.8390483e-01 5.9628975e-01 5.6510532e-01 4.4336128e-01 4.3961889e-01
 3.7887415e-01 3.5609427e-01 1.6276127e-01 1.6153473e-01 1.6471485e-02
 1.6470419e-02 9.4414195e-03 9.4400859e-03 6.2212097e-03 6.2198923e-03
 1.2861395e-03]","[1.9308017e+00 9.3080175e-01 7.7627361e-01 7.7596843e-01 7.6551187e-01
 7.6545101e-01 7.4903136e-01 7.4880695e-01 7.4819130e-01 7.4789619e-01
 7.4765259e-01 7.4764216e-01 7.4121869e-01 7.4108362e-01 7.4008363e-01
 7.4004853e-01 7.2702253e-01 7.2690672e-01 7.2097152e-01 7.2077388e-01
 7.1969557e-01 7.1953052e-01 7.1506613e-01 7.1500295e-01 7.1038383e-01
 7.1034038e-01 7.0907658e-01 7.0897704e-01 7.0565176e-01 7.0534605e-01
 7.0421416e-01 7.0386571e-01 7.0291042e-01 7.0243698e-01 7.0226711e-01
 7.0191306e-01 7.0118982e-01 7.0101529e-01 7.0042521e-01 7.0008284e-01
 6.9850951e-01 6.9741488e-01 6.9654900e-01 6.9613111e-01 6.9591987e-01
 6.9591904e-01 6.9398499e-01 6.9312561e-01 6.9311887e-01 6.9300604e-01
 6.9289112e-01 6.9195038e-01 6.9189614e-01 6.9167256e-01 6.9136137e-01
 6.9077539e-01 6.9028670e-01 6.9027591e-01 6.8987173e-01 6.8900484e-01
 6.8431574e-01 6.8413877e-01 6.8394399e-01 6.8392056e-01 6.8384308e-01
 6.8331581e-01 6.8259853e-01 6.8121886e-01 6.8092704e-01 6.8051082e-01
 6.7955774e-01 6.7881691e-01 6.7845815e-01 6.7806000e-01 6.7757350e-01
 6.7526889e-01 6.7493969e-01 6.7490351e-01 6.7392242e-01 6.7378610e-01
 6.7300135e-01 6.7259395e-01 6.7190051e-01 6.7175782e-01 6.7165107e-01
 6.7141181e-01 6.7109925e-01 6.7084324e-01 6.7027861e-01 6.6924852e-01
 6.6780627e-01 6.6742241e-01 6.6692132e-01 6.6692114e-01 6.6679907e-01
 6.6641629e-01 6.6628301e-01 6.6534603e-01 6.6527915e-01 6.6522753e-01
 6.6516435e-01 6.6484338e-01 6.6483897e-01 6.6353935e-01 6.6344017e-01
 6.6315103e-01 6.6292059e-01 6.6140026e-01 6.6049576e-01 6.5953922e-01
 6.5918058e-01 6.5783435e-01 6.5782934e-01 6.5725648e-01 6.5697080e-01
 6.5675062e-01 6.5660816e-01 6.5567476e-01 6.5478343e-01 6.5471447e-01
 6.5458941e-01 6.5001225e-01 6.4993650e-01 6.4921600e-01 6.4855015e-01
 6.4804685e-01 6.4793360e-01 6.4704442e-01 6.4700961e-01 6.4574385e-01
 6.4559752e-01 6.4530957e-01 6.4487827e-01 6.4418381e-01 6.4394230e-01
 6.4374906e-01 6.4366418e-01 6.4235497e-01 6.4215428e-01 6.4212132e-01
 6.4202493e-01 6.4185429e-01 6.4174408e-01 6.3994950e-01 6.3981521e-01
 6.3935620e-01 6.3892430e-01 6.3859165e-01 6.3770437e-01 6.3726044e-01
 6.3693589e-01 6.3448596e-01 6.3432485e-01 6.3428771e-01 6.3428169e-01
 6.3362634e-01 6.3355321e-01 6.3288057e-01 6.3276321e-01 6.3206381e-01
 6.3195908e-01 6.3078684e-01 6.3061798e-01 6.3010859e-01 6.2984860e-01
 6.2963533e-01 6.2941283e-01 6.2853426e-01 6.2848580e-01 6.2821698e-01
 6.2808341e-01 6.2717646e-01 6.2710363e-01 6.2703723e-01 6.2685573e-01
 6.2674528e-01 6.2669420e-01 6.2606514e-01 6.2591302e-01 6.2554657e-01
 6.2553990e-01 6.2456352e-01 6.2448066e-01 6.2436306e-01 6.2390792e-01
 6.2322110e-01 6.2318325e-01 6.2250388e-01 6.2249696e-01 6.1788177e-01
 6.1780649e-01 6.1221141e-01 6.1219591e-01 6.1186641e-01 6.1185354e-01
 6.1131650e-01 6.1121607e-01 6.1110473e-01 6.1100227e-01 6.1083120e-01
 6.1082250e-01 6.1047220e-01 6.1036843e-01 6.0991102e-01 6.0965353e-01
 6.0907429e-01 6.0903704e-01 6.0691988e-01 6.0682631e-01 6.0603225e-01
 6.0599089e-01 6.0525775e-01 6.0525656e-01 6.0482156e-01 6.0473919e-01
 6.0396248e-01 6.0386884e-01 6.0355574e-01 6.0316163e-01 6.0087103e-01
 6.0081971e-01 6.0016006e-01 6.0013819e-01 5.9931922e-01 5.9931350e-01
 5.9416616e-01 5.9401387e-01 5.9398556e-01 5.9388697e-01 5.9382135e-01
 5.9377426e-01 5.9343755e-01 5.9332418e-01 5.9138548e-01 5.9133106e-01
 5.8915126e-01 5.8913827e-01 5.8875346e-01 5.8870900e-01 5.8625203e-01
 5.8594358e-01 5.8567142e-01 5.8565480e-01 5.8445352e-01 5.8431435e-01
 5.8338886e-01 5.8333838e-01 5.8250636e-01 5.8237225e-01 5.8045876e-01
 5.8042228e-01 5.7931435e-01 5.7923555e-01 5.7909226e-01 5.7908946e-01
 5.7743663e-01 5.7737529e-01 5.7272887e-01 5.7264483e-01 5.7064152e-01
 5.7060277e-01 5.6947643e-01 5.6938893e-01 5.6923515e-01 5.6916350e-01
 5.6903887e-01 5.6895977e-01 5.6854218e-01 5.6835002e-01 5.6811941e-01
 5.6811374e-01 5.6784910e-01 5.6775230e-01 5.6669605e-01 5.6668687e-01
 5.6657660e-01 5.6650543e-01 5.6505537e-01 5.6500500e-01 5.6288308e-01
 5.6287807e-01 5.6171370e-01 5.6166273e-01 5.6034237e-01 5.6020081e-01
 5.5755717e-01 5.5745286e-01 5.5601245e-01 5.5595666e-01 5.5430788e-01
 5.5430579e-01 5.5136317e-01 5.5134642e-01 5.5084723e-01 5.5076039e-01
 5.4545653e-01 5.4536366e-01 5.4392856e-01 5.4389477e-01 5.4196036e-01
 5.4174984e-01 5.4048252e-01 5.4043388e-01 5.4015011e-01 5.4014581e-01
 5.3819221e-01 5.3811032e-01 5.3006262e-01 5.3003126e-01 5.2581835e-01
 5.2580655e-01 5.2442402e-01 5.2436572e-01 5.2376175e-01 5.2375180e-01
 5.2367359e-01 5.2362210e-01 5.2246404e-01 5.2242982e-01 5.2017915e-01
 5.2016461e-01 5.2011740e-01 5.2010065e-01 5.1762956e-01 5.1760876e-01
 5.1606971e-01 5.1600844e-01 5.1414174e-01 5.1409912e-01 5.1014978e-01
 5.1001418e-01 5.0815165e-01 5.0806868e-01 5.0729102e-01 5.0724649e-01
 5.0494528e-01 5.0472862e-01 5.0365847e-01 5.0363922e-01 4.9770376e-01
 4.9762511e-01 4.9384198e-01 4.9377331e-01 4.9104038e-01 4.9083656e-01
 4.8901036e-01 4.8888758e-01 4.8720488e-01 4.8710608e-01 4.8290703e-01
 4.8285756e-01 4.8193422e-01 4.8189458e-01 4.8049536e-01 4.8041907e-01
 4.7946379e-01 4.7927904e-01 4.7446460e-01 4.7439146e-01 4.6327662e-01
 4.6315855e-01 4.5760310e-01 4.5751324e-01 4.4170487e-01 4.4149727e-01
 4.3504572e-01 4.3487272e-01 4.3434322e-01 4.3432450e-01 4.3323848e-01
 4.3285966e-01 4.2707431e-01 4.2698896e-01 4.2571849e-01 4.2567435e-01
 4.0005368e-01 3.9992258e-01 3.9242160e-01 3.9239162e-01 3.8978535e-01
 3.8914168e-01 3.8410291e-01 3.8395646e-01 3.5379985e-01 3.5371536e-01
 3.4604195e-01 3.4581119e-01 3.3865523e-01 3.3863673e-01 3.3837354e-01
 3.3698526e-01 3.3416340e-01 3.3380383e-01 3.1518251e-01 3.1503543e-01
 3.0264640e-01 3.0264527e-01 2.8844491e-01 2.8841215e-01 2.8809971e-01
 2.8803918e-01 2.7035627e-01 2.6999563e-01 8.7467758e-03 8.7455567e-03
 3.7109558e-03 3.7109151e-03 3.0842985e-03 3.0840710e-03 3.0509885e-03
 3.0509874e-03 2.9890502e-03 2.9890474e-03 2.9379169e-03 2.9374636e-03
 2.9084121e-03 2.9082648e-03 2.5150897e-03 2.5150415e-03 7.8141579e-04]","[1.50301385e+00 5.03013909e-01 1.15983069e-01 1.15188278e-01
 1.06751725e-01 1.05186999e-01 1.04445554e-01 1.03316762e-01
 9.86659825e-02 9.85199139e-02 9.79888812e-02 9.72000286e-02
 9.27934423e-02 9.23310071e-02 9.22615305e-02 9.16362926e-02
 9.11476761e-02 8.88389796e-02 8.86051580e-02 8.73135477e-02
 8.66770744e-02 8.44913125e-02 8.38549286e-02 8.33836272e-02
 8.33307654e-02 8.24440494e-02 8.20080489e-02 8.13634396e-02
 8.00573304e-02 7.70125538e-02 7.60422349e-02 7.54246786e-02
 7.51949772e-02 7.29205757e-02 7.28181973e-02 7.26905465e-02
 7.16450512e-02 7.07533658e-02 7.07120597e-02 6.98624775e-02
 6.98502213e-02 6.93156943e-02 6.91323131e-02 6.83614910e-02
 6.79056942e-02 6.76999986e-02 6.74831793e-02 6.69386610e-02
 6.68677762e-02 6.51800334e-02 6.49196431e-02 6.42647147e-02
 6.36859238e-02 6.35654628e-02 6.34777173e-02 6.33575395e-02
 6.32553995e-02 6.27092272e-02 6.25318065e-02 6.21712282e-02
 6.20387420e-02 6.15479611e-02 6.11904189e-02 6.05802722e-02
 6.04716986e-02 5.99670373e-02 5.99442087e-02 5.93738444e-02
 5.93580976e-02 5.90001307e-02 5.87914698e-02 5.74752167e-02
 5.74709103e-02 5.60313165e-02 5.59831373e-02 5.54309785e-02
 5.53115346e-02 5.11433929e-02 5.11296727e-02 5.09055257e-02
 5.08172773e-02 4.89925928e-02 4.89821285e-02 4.71603312e-02
 4.71556224e-02 4.67292629e-02 4.67097275e-02 4.27244678e-02
 4.27228361e-02 4.18379083e-02 4.18248139e-02 3.78267877e-02
 3.78248766e-02 3.70954499e-02 3.70869190e-02 3.66923250e-02
 3.66767719e-02 3.62955555e-02 3.62622254e-02 3.61058451e-02
 3.60989906e-02 3.48844454e-02 3.48805524e-02 3.43603268e-02
 3.43572497e-02 3.40862274e-02 3.40828970e-02 3.35335732e-02
 3.35317627e-02 3.24878767e-02 3.24741751e-02 2.93013584e-02
 2.93002650e-02 2.73712818e-02 2.73647271e-02 2.18488201e-02
 2.18444653e-02 2.07937509e-02 2.07900349e-02 1.66604947e-02
 1.66529659e-02 1.57982167e-02 1.57967415e-02 1.45057524e-02
 1.45029156e-02 1.33624244e-02 1.33605152e-02 8.69037770e-03
 8.68478324e-03 2.38224794e-03 2.38161045e-03 2.22994620e-03
 2.22992781e-03 1.30173122e-03 1.30106858e-03 3.24083929e-04]","[1.9773283e+00 9.7732830e-01 9.3526345e-01 9.3439329e-01 8.0919582e-01
 7.6492852e-01 7.5814056e-01 3.2741904e-02 3.2734971e-02 5.3537493e-03
 5.3535681e-03 5.1545082e-03 5.1541608e-03 5.0770291e-03 5.0767604e-03
 4.6042218e-03 4.6027713e-03 4.0654251e-03 4.0652025e-03 3.9269649e-03
 3.9267973e-03 1.0684816e-03]","[1.9716113e+00 9.7161126e-01 9.6705729e-01 9.6698731e-01 3.0199403e-01
 2.5352037e-02 2.5350051e-02 2.3073969e-02 2.3072874e-02 4.4305096e-03
 4.4304258e-03 2.3726355e-03 2.3720199e-03 7.7022240e-04]","[1.9687753e+00 9.6877533e-01 9.1772234e-01 9.1753435e-01 4.1729048e-01
 1.7322375e-02 1.7321995e-02 1.6000366e-02 1.6000064e-02 4.2603067e-03
 4.2602406e-03 2.6479564e-03 2.6477443e-03 6.2740204e-04]","[1.98252463e+00 9.82524693e-01 9.66851234e-01 9.66846764e-01
 9.62349832e-01 9.62345064e-01 9.59455073e-01 9.59450245e-01
 9.58460569e-01 9.58457053e-01 9.58362579e-01 9.58358526e-01
 9.58299816e-01 9.58264828e-01 9.57990587e-01 9.57971394e-01
 9.53306377e-01 9.53304291e-01 9.45911825e-01 9.45908308e-01
 9.45054948e-01 9.45052683e-01 9.42235768e-01 9.42234695e-01
 7.72022545e-01 7.69056737e-01 7.17821598e-01 7.15602577e-01
 7.11474895e-01 7.09197760e-01 6.82368934e-01 6.80211842e-01
 6.70132577e-01 6.68946683e-01 6.47292078e-01 6.46559536e-01
 6.36094093e-01 6.36090696e-01 6.06557369e-01 6.06318831e-01
 5.99788666e-01 5.98528981e-01 5.88025868e-01 5.85873663e-01
 5.80698013e-01 5.79517782e-01 5.70433557e-01 5.66301405e-01
 5.63957155e-01 5.56119919e-01 5.55767119e-01 5.41267395e-01
 5.41206539e-01 5.35180688e-01 5.34822166e-01 5.34748435e-01
 5.34665644e-01 5.32436252e-01 5.31519175e-01 5.24718583e-01
 5.23818672e-01 5.20374894e-01 5.20234108e-01 5.16515493e-01
 5.15708387e-01 5.11704504e-01 5.11633873e-01 5.09844720e-01
 5.09323239e-01 5.07203162e-01 5.07181823e-01 5.03470004e-01
 5.02669573e-01 4.96859014e-01 4.96655643e-01 4.92121279e-01
 4.92115974e-01 4.90695238e-01 4.90265578e-01 4.84025091e-01
 4.82898802e-01 4.78973746e-01 4.78831172e-01 4.73541468e-01
 4.73364681e-01 4.73248661e-01 4.72902536e-01 4.70997244e-01
 4.70908523e-01 4.65217739e-01 4.64885920e-01 4.61272866e-01
 4.61139202e-01 4.48834628e-01 4.48525727e-01 4.48388338e-01
 4.48336959e-01 4.45303887e-01 4.45181578e-01 4.42027450e-01
 4.42014605e-01 4.33875471e-01 4.33756590e-01 4.00037467e-01
 3.99902761e-01 3.98907989e-01 3.98877114e-01 3.92302006e-01
 3.92281681e-01 3.87423456e-01 3.86665523e-01 3.83053273e-01
 3.82563531e-01 3.81761938e-01 3.81502062e-01 3.80306035e-01
 3.80286992e-01 3.73799354e-01 3.73763919e-01 3.73000920e-01
 3.72758389e-01 3.65508676e-01 3.64557505e-01 3.46347541e-01
 3.46306801e-01 3.33221555e-01 3.33162993e-01 3.32318217e-01
 3.31397921e-01 3.27533513e-01 3.25688452e-01 3.20278257e-01
 3.18565607e-01 3.17955196e-01 3.17644835e-01 3.15492660e-01
 3.15342247e-01 3.14213485e-01 3.13545614e-01 3.13352048e-01
 3.12160730e-01 2.98244148e-01 2.97511309e-01 2.92478383e-01
 2.91782558e-01 2.91637510e-01 2.91262925e-01 2.83768505e-01
 2.82164633e-01 2.76690871e-01 2.76069969e-01 2.72705525e-01
 2.69300312e-01 2.67251283e-01 2.64486551e-01 2.56159276e-01
 2.54045337e-01 2.50575989e-01 2.45464772e-01 2.42991060e-01
 2.40825146e-01 2.37377569e-01 2.36865804e-01 2.35997736e-01
 2.34929100e-01 2.34199926e-01 2.34016448e-01 2.14827761e-01
 2.13727161e-01 2.03566402e-01 2.02609763e-01 2.02272952e-01
 2.02016264e-01 1.92074195e-01 1.90642267e-01 1.82597086e-01
 1.81236476e-01 1.75070971e-01 1.74961388e-01 1.73001289e-01
 1.71854541e-01 1.46401957e-01 1.46121517e-01 1.36662573e-01
 1.35656402e-01 1.27569705e-01 1.27477348e-01 1.27110720e-01
 1.25822932e-01 1.09038755e-01 1.08930372e-01 8.67249295e-02
 8.67097899e-02 8.39528367e-02 8.39466974e-02 8.18085745e-02
 8.18059370e-02 8.00571889e-02 8.00540224e-02 7.79603347e-02
 7.79014006e-02 6.74797967e-02 6.74617589e-02 5.99774085e-02
 5.99769019e-02 4.79038106e-03 4.79035219e-03 4.41045128e-03
 4.41044522e-03 3.79991438e-03 3.79965361e-03 1.02856068e-03]","[1.9395794e+00 9.3957937e-01 8.2913351e-01 2.3633178e-02 2.3631245e-02
 4.0962398e-03 4.0962100e-03 3.9159823e-03 3.9158189e-03 3.2829838e-03
 3.2828941e-03 7.5372244e-04]","[1.48874569e+00 4.88745689e-01 1.65589288e-01 1.64134264e-01
 1.12836204e-01 1.12805881e-01 8.66407603e-02 8.66389722e-02
 7.45029077e-02 7.45014325e-02 7.22664371e-02 7.22600818e-02
 6.88957646e-02 6.88843578e-02 6.32706583e-02 6.32445961e-02
 6.30354062e-02 6.30064756e-02 6.23254664e-02 6.23045564e-02
 6.18570037e-02 6.18517958e-02 5.98387048e-02 5.98200448e-02
 5.92068024e-02 5.92047945e-02 5.88478446e-02 5.88476136e-02
 5.78464046e-02 5.78044318e-02 5.71986698e-02 5.71961179e-02
 5.49772233e-02 5.49710579e-02 5.48577011e-02 5.48516512e-02
 5.45093715e-02 5.44972830e-02 5.32745495e-02 5.32357395e-02
 5.26861027e-02 5.26855625e-02 5.22301681e-02 5.22233881e-02
 5.18877059e-02 5.18334135e-02 5.15301079e-02 5.15277423e-02
 5.14925569e-02 5.14834337e-02 5.14412224e-02 5.14356904e-02
 5.07890917e-02 5.07779792e-02 5.07210977e-02 5.07148504e-02
 4.99938540e-02 4.99918424e-02 4.93230931e-02 4.92564589e-02
 4.78606932e-02 4.77878377e-02 4.75961082e-02 4.75792363e-02
 4.75338846e-02 4.74444255e-02 4.71262187e-02 4.71103527e-02
 4.59869877e-02 4.59070615e-02 4.50736582e-02 4.49940525e-02
 4.48158309e-02 4.47735973e-02 4.45994213e-02 4.45836373e-02
 4.36023697e-02 4.35908176e-02 4.28529084e-02 4.28407751e-02
 4.28297706e-02 4.28273194e-02 4.19582836e-02 4.19386514e-02
 4.17917743e-02 4.16914485e-02 4.14384082e-02 4.13805470e-02
 4.04710174e-02 4.03686911e-02 4.03490961e-02 4.02817428e-02
 4.01560254e-02 4.01216112e-02 4.00429033e-02 4.00309078e-02
 3.99962477e-02 3.99708413e-02 3.97378765e-02 3.95299122e-02
 3.92541252e-02 3.91930006e-02 3.88672128e-02 3.87837440e-02
 3.87569927e-02 3.87265980e-02 3.86935845e-02 3.83858830e-02
 3.82685401e-02 3.82140353e-02 3.68732922e-02 3.68144400e-02
 3.65847275e-02 3.62607799e-02 3.62472869e-02 3.61748189e-02
 3.60730961e-02 3.60573232e-02 3.58319730e-02 3.56413685e-02
 3.55734155e-02 3.55001390e-02 3.51660326e-02 3.47752906e-02
 3.47620510e-02 3.44974920e-02 3.42201032e-02 3.41937430e-02
 3.41116898e-02 3.39826308e-02 3.30612473e-02 3.29340696e-02
 3.27526331e-02 3.25953141e-02 3.23100053e-02 3.22837345e-02
 3.21858600e-02 3.17984782e-02 3.17629799e-02 3.16815451e-02
 3.15465294e-02 3.14515159e-02 3.13948356e-02 3.09414249e-02
 3.07906251e-02 3.06538008e-02 3.05760000e-02 3.00655272e-02
 3.00194249e-02 2.97738649e-02 2.97009982e-02 2.94693112e-02
 2.93564685e-02 2.91574243e-02 2.90609058e-02 2.90279612e-02
 2.90215779e-02 2.80053578e-02 2.79989261e-02 2.66686194e-02
 2.65776962e-02 2.63464507e-02 2.63157804e-02 2.63133273e-02
 2.62908936e-02 2.58933902e-02 2.58419868e-02 2.54840739e-02
 2.54408959e-02 2.53146589e-02 2.52683721e-02 2.37268694e-02
 2.37214416e-02 2.31996328e-02 2.31342241e-02 3.21485265e-03
 3.21459398e-03 2.99146748e-03 2.99138459e-03 2.60293786e-03
 2.60268128e-03 2.19615549e-03 2.19571288e-03 1.66043674e-03
 1.66041963e-03 6.10522635e-04]","[1.9741561e+00 9.7415608e-01 1.0296590e-01 1.0233039e-01 5.3588565e-02
 4.7822155e-02 3.8897604e-02 3.7298545e-02 3.0185608e-02 2.6256735e-02
 2.5307722e-02 4.6187644e-03 4.6176636e-03 3.9233132e-03 3.9224108e-03
 2.5838043e-03 2.5835710e-03 2.3873767e-03 2.3873539e-03 9.4748248e-04
 9.4747439e-04 9.0047764e-04 9.0047158e-04 8.5251906e-04 8.5246476e-04
 8.1381213e-04 8.1378105e-04 7.9652987e-04 7.9652964e-04 6.7134877e-04
 6.7132420e-04 3.5918673e-04]","[1.8229039e+00 8.2290393e-01 2.4451648e-01 2.4378234e-01 1.9649020e-01
 1.1278265e-02 1.1277172e-02 6.7155813e-03 6.7151804e-03 3.1046986e-03
 3.1045694e-03 2.8253961e-03 2.8251463e-03 2.6303441e-03 2.6303332e-03
 2.5165165e-03 2.5164154e-03 2.0225269e-03 2.0224601e-03 2.0199467e-03
 2.0199092e-03 1.7874436e-03 1.7874200e-03 1.6807858e-03 1.6804496e-03
 1.4627341e-03 1.4625919e-03 6.2746112e-04]","[1.9173852e+00 9.1738522e-01 8.9332122e-01 1.7018335e-02 1.7013626e-02
 1.2796070e-02 1.2795875e-02 1.1951746e-02 1.1951647e-02 1.1856303e-02
 1.1855338e-02 3.4716167e-03 3.4715419e-03 3.1751436e-03 3.1749993e-03
 3.1478265e-03 3.1476971e-03 3.1167893e-03 3.1167872e-03 2.5888896e-03
 2.5888353e-03 2.5512502e-03 2.5510169e-03 2.0677578e-03 2.0674097e-03
 6.7621854e-04]","[1.70366859e+00 7.03668594e-01 4.86186802e-01 4.69347805e-01
 3.67657363e-01 3.56029153e-01 3.32916141e-01 3.16021770e-01
 2.72610456e-01 2.72144258e-01 2.39402801e-01 2.15669364e-01
 1.95876569e-01 1.63399667e-01 1.53864235e-01 1.44886404e-01
 1.38352990e-01 1.14225775e-01 1.03067286e-01 9.11517963e-02
 9.08911005e-02 8.93358290e-02 8.87616575e-02 7.13377595e-02
 7.04974979e-02 4.57560718e-02 4.57529053e-02 4.08936031e-02
 4.08827849e-02 1.92065127e-02 1.92055348e-02 1.21372780e-02
 1.21308118e-02 4.70823655e-03 4.70804377e-03 4.20655729e-03
 4.20639338e-03 3.90940346e-03 3.90785700e-03 2.73209740e-03
 2.73125200e-03 1.98642164e-03 1.98553503e-03 7.45509344e-04]","[1.6691527e+00 6.6915274e-01 7.4190542e-02 3.9027566e-03 3.9023492e-03
 2.0137837e-03 2.0137315e-03 1.8793000e-03 1.8792649e-03 6.9958123e-04]","[1.9884582e+00 9.8845810e-01 7.9915839e-01 5.1375115e-03 5.1370095e-03
 5.0635729e-03 5.0635342e-03 4.5371610e-03 4.5371037e-03 4.0777437e-03
 4.0773326e-03 3.4033665e-03 3.4027975e-03 2.4121138e-03 2.4109052e-03
 5.7057053e-04]"
